{
  "IcoMoonType": "selection",
  "icons": [
    {
      "icon": {
        "paths": [
          "M426 256l256 256-256 256-60-60 196-196-196-196z"
        ],
        "attrs": [],
        "isMulticolor": false,
        "isMulticolor2": false,
        "tags": [
          "navigate_next"
        ],
        "defaultCode": 58377,
        "grid": 24
      },
      "attrs": [],
      "properties": {
        "order": 26,
        "ligatures": "chevron_right, navigate_next",
        "id": 153,
        "prevSize": 24,
        "name": "navigate_next"
      },
      "setIdx": 0,
      "setId": 13,
      "iconIdx": 153
    },
    {
      "icon": {
        "paths": [
          "M708 366l60 60-256 256-256-256 60-60 196 196z"
        ],
        "attrs": [],
        "isMulticolor": false,
        "isMulticolor2": false,
        "tags": [
          "expand_more"
        ],
        "defaultCode": 58831,
        "grid": 24
      },
      "attrs": [],
      "properties": {
        "order": 25,
        "ligatures": "expand_more",
        "id": 256,
        "prevSize": 24,
        "name": "expand_more"
      },
      "setIdx": 0,
      "setId": 13,
      "iconIdx": 256
    },
    {
      "icon": {
        "paths": [
          "M470 554v-84h426v84h-426zM470 384v-86h426v86h-426zM128 128h768v86h-768v-86zM128 896v-86h768v86h-768zM128 512l170-170v340zM470 726v-86h426v86h-426z"
        ],
        "attrs": [],
        "isMulticolor": false,
        "isMulticolor2": false,
        "tags": [
          "format_indent_decrease"
        ],
        "defaultCode": 57917,
        "grid": 24
      },
      "attrs": [],
      "properties": {
        "order": 27,
        "ligatures": "format_indent_decrease",
        "id": 329,
        "prevSize": 24,
        "name": "format_indent_decrease"
      },
      "setIdx": 0,
      "setId": 13,
      "iconIdx": 329
    },
    {
      "icon": {
        "paths": [
          "M470 554v-84h426v84h-426zM470 384v-86h426v86h-426zM128 128h768v86h-768v-86zM470 726v-86h426v86h-426zM128 342l170 170-170 170v-340zM128 896v-86h768v86h-768z"
        ],
        "attrs": [],
        "isMulticolor": false,
        "isMulticolor2": false,
        "tags": [
          "format_indent_increase"
        ],
        "defaultCode": 57918,
        "grid": 24
      },
      "attrs": [],
      "properties": {
        "order": 28,
        "ligatures": "format_indent_increase",
        "id": 330,
        "prevSize": 24,
        "name": "format_indent_increase"
      },
      "setIdx": 0,
      "setId": 13,
      "iconIdx": 330
    },
    {
      "icon": {
        "paths": [
          "M854 342v-172h-172v172h172zM854 598v-172h-172v172h172zM854 854v-172h-172v172h172zM598 342v-172h-172v172h172zM598 598v-172h-172v172h172zM598 854v-172h-172v172h172zM342 342v-172h-172v172h172zM342 598v-172h-172v172h172zM342 854v-172h-172v172h172zM854 86c46 0 84 38 84 84v684c0 46-38 84-84 84h-684c-46 0-84-38-84-84v-684c0-46 38-84 84-84h684z"
        ],
        "attrs": [],
        "isMulticolor": false,
        "isMulticolor2": false,
        "tags": [
          "grid_on"
        ],
        "defaultCode": 58348,
        "grid": 24
      },
      "attrs": [],
      "properties": {
        "order": 29,
        "ligatures": "grid_on",
        "id": 367,
        "prevSize": 24,
        "name": "grid_on"
      },
      "setIdx": 0,
      "setId": 13,
      "iconIdx": 367
    },
    {
      "icon": {
        "paths": [
          "M982 342c0 46-40 84-86 84-8 0-16 0-22-2l-152 152c2 6 4 14 4 22 0 46-40 84-86 84s-86-38-86-84c0-8 2-16 4-22l-110-110c-6 2-14 4-22 4s-16-2-22-4l-194 194c2 6 4 14 4 22 0 46-40 86-86 86s-86-40-86-86 40-84 86-84c8 0 16 0 22 2l194-194c-2-6-2-14-2-22 0-46 38-86 84-86s86 40 86 86c0 8 0 16-2 22l108 108c6-2 14-2 22-2s16 0 22 2l152-150c-2-6-4-14-4-22 0-46 40-86 86-86s86 40 86 86z"
        ],
        "attrs": [],
        "isMulticolor": false,
        "isMulticolor2": false,
        "tags": [
          "timeline"
        ],
        "defaultCode": 59682,
        "grid": 24
      },
      "attrs": [],
      "properties": {
        "order": 30,
        "ligatures": "timeline",
        "id": 759,
        "prevSize": 24,
        "name": "timeline"
      },
      "setIdx": 0,
      "setId": 13,
      "iconIdx": 759
    },
    {
      "icon": {
        "paths": [
          "M768 854v-428h-512v428h512zM380 256v86h264v-86c0-72-60-132-132-132s-132 60-132 132zM768 342c46 0 86 38 86 84v428c0 46-40 84-86 84h-512c-46 0-86-38-86-84v-428c0-46 40-84 86-84h42v-86c0-118 96-214 214-214s214 96 214 214v86h42zM512 726c-46 0-86-40-86-86s40-86 86-86 86 40 86 86-40 86-86 86z"
        ],
        "attrs": [
          {}
        ],
        "isMulticolor": false,
        "isMulticolor2": false,
        "tags": [
          "lock_outline"
        ],
        "grid": 24
      },
      "attrs": [
        {}
      ],
      "properties": {
        "order": 1,
        "id": 10,
        "prevSize": 24,
        "name": "lock_outline"
      },
      "setIdx": 8,
      "setId": 5,
      "iconIdx": 0
    },
    {
      "icon": {
        "paths": [
          "M512 470l342-214h-684zM854 768v-426l-342 212-342-212v426h684zM854 170c46 0 84 40 84 86v512c0 46-38 86-84 86h-684c-46 0-84-40-84-86v-512c0-46 38-86 84-86h684z"
        ],
        "attrs": [
          {}
        ],
        "isMulticolor": false,
        "isMulticolor2": false,
        "tags": [
          "mail_outline"
        ],
        "grid": 24
      },
      "attrs": [
        {}
      ],
      "properties": {
        "order": 1,
        "id": 9,
        "name": "mail_outline",
        "prevSize": 24
      },
      "setIdx": 8,
      "setId": 5,
      "iconIdx": 1
    },
    {
      "icon": {
        "paths": [
          "M682 726v-256c0-106-64-192-170-192s-170 86-170 192v256h340zM768 682l86 86v42h-684v-42l86-86v-212c0-132 70-240 192-270v-30c0-36 28-64 64-64s64 28 64 64v30c122 30 192 140 192 270v212zM512 938c-46 0-86-38-86-84h172c0 46-40 84-86 84z"
        ],
        "attrs": [
          {}
        ],
        "isMulticolor": false,
        "isMulticolor2": false,
        "tags": [
          "notifications_none"
        ],
        "grid": 24
      },
      "attrs": [
        {}
      ],
      "properties": {
        "order": 1,
        "id": 8,
        "prevSize": 24,
        "name": "notifications_none"
      },
      "setIdx": 8,
      "setId": 5,
      "iconIdx": 2
    },
    {
      "icon": {
        "paths": [
          "M554 128h342v256h-342v-256zM554 896v-426h342v426h-342zM128 896v-256h342v256h-342zM128 554v-426h342v426h-342z"
        ],
        "attrs": [
          {}
        ],
        "isMulticolor": false,
        "isMulticolor2": false,
        "tags": [
          "dashboard"
        ],
        "grid": 24
      },
      "attrs": [
        {}
      ],
      "properties": {
        "order": 1,
        "id": 7,
        "name": "dashboard",
        "prevSize": 24
      },
      "setIdx": 8,
      "setId": 5,
      "iconIdx": 3
    },
    {
      "icon": {
        "paths": [
          "M150 788l-64-64 320-320 170 172 302-340 60 60-362 408-170-172z"
        ],
        "attrs": [
          {}
        ],
        "isMulticolor": false,
        "isMulticolor2": false,
        "tags": [
          "show_chart"
        ],
        "grid": 24
      },
      "attrs": [
        {}
      ],
      "properties": {
        "order": 1,
        "id": 6,
        "name": "show_chart",
        "prevSize": 24
      },
      "setIdx": 8,
      "setId": 5,
      "iconIdx": 4
    },
    {
      "icon": {
        "paths": [
          "M298 214h598v84h-598v-84zM298 554v-84h598v84h-598zM298 810v-84h598v84h-598zM170 704c36 0 64 30 64 64s-30 64-64 64-64-30-64-64 28-64 64-64zM170 192c36 0 64 28 64 64s-28 64-64 64-64-28-64-64 28-64 64-64zM170 448c36 0 64 28 64 64s-28 64-64 64-64-28-64-64 28-64 64-64z"
        ],
        "attrs": [
          {}
        ],
        "isMulticolor": false,
        "isMulticolor2": false,
        "tags": [
          "format_list_bulleted"
        ],
        "grid": 24
      },
      "attrs": [
        {}
      ],
      "properties": {
        "order": 1,
        "id": 5,
        "name": "format_list_bulleted",
        "prevSize": 24
      },
      "setIdx": 8,
      "setId": 5,
      "iconIdx": 5
    },
    {
      "icon": {
        "paths": [
          "M512 598c114 0 342 56 342 170v86h-684v-86c0-114 228-170 342-170zM512 512c-94 0-170-76-170-170s76-172 170-172 170 78 170 172-76 170-170 170z"
        ],
        "attrs": [
          {}
        ],
        "isMulticolor": false,
        "isMulticolor2": false,
        "tags": [
          "person"
        ],
        "grid": 24
      },
      "attrs": [
        {}
      ],
      "properties": {
        "order": 1,
        "id": 4,
        "name": "person",
        "prevSize": 24
      },
      "setIdx": 8,
      "setId": 5,
      "iconIdx": 6
    },
    {
      "icon": {
        "paths": [
          "M384 690l452-452 60 60-512 512-238-238 60-60z"
        ],
        "attrs": [
          {}
        ],
        "isMulticolor": false,
        "isMulticolor2": false,
        "tags": [
          "check"
        ],
        "grid": 24
      },
      "attrs": [
        {}
      ],
      "properties": {
        "order": 1,
        "id": 3,
        "name": "check",
        "prevSize": 24
      },
      "setIdx": 8,
      "setId": 5,
      "iconIdx": 7
    },
    {
      "icon": {
        "paths": [
          "M810 128c46 0 86 40 86 86v596c0 46-40 86-86 86h-596c-48 0-86-40-86-86v-170h86v170h596v-596h-596v170h-86v-170c0-46 38-86 86-86h596zM430 666l110-112h-412v-84h412l-110-112 60-60 214 214-214 214z"
        ],
        "attrs": [
          {}
        ],
        "isMulticolor": false,
        "isMulticolor2": false,
        "tags": [
          "exit_to_app"
        ],
        "grid": 24
      },
      "attrs": [
        {}
      ],
      "properties": {
        "order": 1,
        "id": 2,
        "prevSize": 24,
        "name": "exit_to_app"
      },
      "setIdx": 8,
      "setId": 5,
      "iconIdx": 8
    }
  ],
  "height": 1024,
  "preferences": {
    "showGlyphs": true,
    "showQuickUse": true,
    "showQuickUse2": true,
    "showSVGs": true,
    "fontPref": {
      "prefix": "icon-",
      "metadata": {
        "fontFamily": "icomoon"
      },
      "metrics": {
        "emSize": 1024,
        "baseline": 6.25,
        "whitespace": 50
      },
      "embed": false
    },
    "imagePref": {
      "prefix": "icon-",
      "png": false,
      "useClassSelector": true,
      "color": 0,
      "bgColor": 16777215,
      "classSelector": ".icon",
      "height": 32,
      "columns": 16,
      "margin": 16,
      "addBgColor": false,
      "overrideSize": false,
      "minifyJs": false,
      "sprite": false
    },
    "historySize": 100,
    "showCodes": true,
    "gridSize": 16
  }
}